{"cameraMode":{"drawMode":0,"name":"Shaded","section":"Shading Mode"},"sceneLighting":true,"audioPlay":false,"sceneViewState":{"m_AlwaysRefresh":false,"showFog":true,"showSkybox":true,"showFlares":true,"showImageEffects":true,"showParticleSystems":true,"showVisualEffectGraphs":true,"m_FxEnabled":true},"in2DMode":false,"pivot":{"x":-3.140000104904175,"y":1.619999885559082,"z":11.4399995803833},"rotation":{"x":0.39897656440734866,"y":0.002200774382799864,"z":-0.0009569214889779687,"w":0.9169610142707825},"size":7.926032066345215,"orthographic":false}