{"cameraMode":{"drawMode":0,"name":"Shaded","section":"Shading Mode"},"sceneLighting":false,"audioPlay":false,"sceneViewState":{"m_AlwaysRefresh":false,"showFog":true,"showSkybox":false,"showFlares":true,"showImageEffects":true,"showParticleSystems":true,"showVisualEffectGraphs":true,"m_FxEnabled":true},"in2DMode":false,"pivot":{"x":16.981218338012697,"y":1.9602735042572022,"z":-3.1145925521850588},"rotation":{"x":0.016801854595541955,"y":0.9505552053451538,"z":-0.3057067394256592,"w":0.05220546945929527},"size":6.103277683258057,"orthographic":false}